Fractal Flowers,
Pixels Liquides,
Sur-Natures,
Voyage,
Terra Incognita,
RGB Land,
Nuage Fractal,
Réseaux,
Digital Cities,
Meta-Cité,
Pixels City,
Constellations Numériques,
Metapolis,
Autre nature,
Attracteur Etrange,
Performance,
Baroque et classique,
Pixels Infini,
Fenêtre hexadécimale,
Paysage artificiel,
Oro Negro,
Oenologie,
Etat Binaire,
Inter Connection,
Anthropométrie,
Transit,
Seconde Nature,
Algorithme,
Pixels Op'Art,
Marine,
Body Voxels,
QR code,
Japonisme,
Commande particulière,
Voxels,
Pixels,
Transaction,
Complex Meshes,
Vortex,
Trans-Natures,
Origine du Monde,
Vague des Pixels,
Tapis magiques,
Digital Arabesques,
Digital Cristaux,
Le sacré,
Digital Abstractions,
Sweet dream,
Oeuvres de jeunesse,
Abysses,
Voronoï,
Extra-Natural
